timeStamp,elapsed,label,responseCode,responseMessage,threadName,dataType,success,failureMessage,bytes,sentBytes,grpThreads,allThreads,URL,Latency,IdleTime,Connect
1764718632485,148,Complete Reservation Flow,500,"Number of samples in transaction : 1, number of failing samples : 1",Reservation Flow - 20 Users 1-1,,false,,575,264,2,2,null,0,1311,5
1764718633687,148,POST /tickets/reserve (eventId=2),500,,Reservation Flow - 20 Users 1-1,text,false,Unexpected HTTP status,575,264,2,2,http://localhost:8082/tickets/reserve,147,0,5
1764718633455,113,Complete Reservation Flow,200,"Number of samples in transaction : 2, number of failing samples : 0",Reservation Flow - 20 Users 1-2,,true,,987,499,3,3,null,0,1736,2
1764718634317,69,POST /tickets/reserve (eventId=1),200,,Reservation Flow - 20 Users 1-2,text,true,,533,264,2,2,http://localhost:8082/tickets/reserve,69,0,2
1764718635252,44,POST /tickets/confirm,200,,Reservation Flow - 20 Users 1-2,text,true,,454,235,3,3,http://localhost:8082/tickets/confirm,43,0,0
1764718634453,64,Complete Reservation Flow,200,"Number of samples in transaction : 2, number of failing samples : 0",Reservation Flow - 20 Users 1-3,,true,,987,499,4,4,null,0,1042,3
1764718635148,36,POST /tickets/reserve (eventId=3),200,,Reservation Flow - 20 Users 1-3,text,true,,533,264,3,3,http://localhost:8082/tickets/reserve,36,0,3
1764718635531,28,POST /tickets/confirm,200,,Reservation Flow - 20 Users 1-3,text,true,,454,235,4,4,http://localhost:8082/tickets/confirm,28,0,0
1764718633945,80,Complete Reservation Flow,200,"Number of samples in transaction : 2, number of failing samples : 0",Reservation Flow - 20 Users 1-1,,true,,987,499,4,4,null,0,1809,1
1764718634753,46,POST /tickets/reserve (eventId=1),200,,Reservation Flow - 20 Users 1-1,text,true,,533,264,3,3,http://localhost:8082/tickets/reserve,46,0,1
1764718635799,34,POST /tickets/confirm,200,,Reservation Flow - 20 Users 1-1,text,true,,454,235,4,4,http://localhost:8082/tickets/confirm,34,0,0
1764718635560,44,Complete Reservation Flow,500,"Number of samples in transaction : 1, number of failing samples : 1",Reservation Flow - 20 Users 1-3,,false,,575,264,4,4,null,0,455,0
1764718636012,44,POST /tickets/reserve (eventId=2),500,,Reservation Flow - 20 Users 1-3,text,false,Unexpected HTTP status,575,264,4,4,http://localhost:8082/tickets/reserve,44,0,0
1764718635305,259,Complete Reservation Flow,500,"Number of samples in transaction : 1, number of failing samples : 1",Reservation Flow - 20 Users 1-2,,false,,575,264,4,4,null,0,621,0
1764718635923,259,POST /tickets/reserve (eventId=5),500,,Reservation Flow - 20 Users 1-2,text,false,Unexpected HTTP status,575,264,4,4,http://localhost:8082/tickets/reserve,258,0,0
1764718635836,44,Complete Reservation Flow,500,"Number of samples in transaction : 1, number of failing samples : 1",Reservation Flow - 20 Users 1-1,,false,,575,264,4,4,null,0,548,0
1764718636383,44,POST /tickets/reserve (eventId=4),500,,Reservation Flow - 20 Users 1-1,text,false,Unexpected HTTP status,575,264,4,4,http://localhost:8082/tickets/reserve,44,0,0
1764718636186,41,Complete Reservation Flow,500,"Number of samples in transaction : 1, number of failing samples : 1",Reservation Flow - 20 Users 1-2,,false,,575,264,5,5,null,0,368,1
1764718636553,41,POST /tickets/reserve (eventId=5),500,,Reservation Flow - 20 Users 1-2,text,false,Unexpected HTTP status,575,264,5,5,http://localhost:8082/tickets/reserve,41,0,1
1764718635455,29,Complete Reservation Flow,500,"Number of samples in transaction : 1, number of failing samples : 1",Reservation Flow - 20 Users 1-4,,false,,575,264,6,6,null,0,2063,2
1764718637517,29,POST /tickets/reserve (eventId=2),500,,Reservation Flow - 20 Users 1-4,text,false,Unexpected HTTP status,575,264,6,6,http://localhost:8082/tickets/reserve,28,0,2
1764718636596,37,Complete Reservation Flow,500,"Number of samples in transaction : 1, number of failing samples : 1",Reservation Flow - 20 Users 1-2,,false,,575,264,6,6,null,0,1011,2
1764718637606,37,POST /tickets/reserve (eventId=4),500,,Reservation Flow - 20 Users 1-2,text,false,Unexpected HTTP status,575,264,6,6,http://localhost:8082/tickets/reserve,37,0,2
1764718636060,62,Complete Reservation Flow,200,"Number of samples in transaction : 2, number of failing samples : 0",Reservation Flow - 20 Users 1-3,,true,,987,499,6,6,null,0,1684,1
1764718637285,33,POST /tickets/reserve (eventId=1),200,,Reservation Flow - 20 Users 1-3,text,true,,533,264,5,5,http://localhost:8082/tickets/reserve,32,0,1
1764718637776,29,POST /tickets/confirm,200,,Reservation Flow - 20 Users 1-3,text,true,,454,235,6,6,http://localhost:8082/tickets/confirm,29,0,0
1764718637645,38,Complete Reservation Flow,500,"Number of samples in transaction : 1, number of failing samples : 1",Reservation Flow - 20 Users 1-2,,false,,575,264,6,6,null,0,332,2
1764718637976,38,POST /tickets/reserve (eventId=5),500,,Reservation Flow - 20 Users 1-2,text,false,Unexpected HTTP status,575,264,6,6,http://localhost:8082/tickets/reserve,38,0,2
1764718636452,66,Complete Reservation Flow,500,"Number of samples in transaction : 1, number of failing samples : 1",Reservation Flow - 20 Users 1-5,,false,,575,264,7,7,null,0,2155,1
1764718638606,66,POST /tickets/reserve (eventId=3),500,,Reservation Flow - 20 Users 1-5,text,false,Unexpected HTTP status,575,264,7,7,http://localhost:8082/tickets/reserve,65,0,1
1764718636429,67,Complete Reservation Flow,200,"Number of samples in transaction : 2, number of failing samples : 0",Reservation Flow - 20 Users 1-1,,true,,987,499,7,7,null,0,2582,1
1764718638595,47,POST /tickets/reserve (eventId=3),200,,Reservation Flow - 20 Users 1-1,text,true,,533,264,7,7,http://localhost:8082/tickets/reserve,47,0,1
1764718639057,20,POST /tickets/confirm,200,,Reservation Flow - 20 Users 1-1,text,true,,454,235,7,7,http://localhost:8082/tickets/confirm,20,0,0
1764718638016,45,Complete Reservation Flow,500,"Number of samples in transaction : 1, number of failing samples : 1",Reservation Flow - 20 Users 1-2,,false,,575,264,7,7,null,0,1209,1
1764718639224,45,POST /tickets/reserve (eventId=5),500,,Reservation Flow - 20 Users 1-2,text,false,Unexpected HTTP status,575,264,7,7,http://localhost:8082/tickets/reserve,45,0,1
1764718638443,30003,Complete Reservation Flow,Non HTTP response code: java.net.SocketTimeoutException,"Number of samples in transaction : 1, number of failing samples : 1",Reservation Flow - 20 Users 1-7,,false,,2709,0,20,20,null,0,951,2
1764718639386,30003,POST /tickets/reserve (eventId=5),Non HTTP response code: java.net.SocketTimeoutException,Non HTTP response message: Read timed out,Reservation Flow - 20 Users 1-7,text,false,Unexpected HTTP status,2709,0,20,20,http://localhost:8082/tickets/reserve,0,0,2
1764718637548,30003,Complete Reservation Flow,Non HTTP response code: java.net.SocketTimeoutException,"Number of samples in transaction : 1, number of failing samples : 1",Reservation Flow - 20 Users 1-4,,false,,2709,0,20,20,null,0,1860,2
1764718639403,30003,POST /tickets/reserve (eventId=1),Non HTTP response code: java.net.SocketTimeoutException,Non HTTP response message: Read timed out,Reservation Flow - 20 Users 1-4,text,false,Unexpected HTTP status,2709,0,20,20,http://localhost:8082/tickets/reserve,0,0,2
1764718639079,30001,Complete Reservation Flow,Non HTTP response code: java.net.SocketTimeoutException,"Number of samples in transaction : 1, number of failing samples : 1",Reservation Flow - 20 Users 1-1,,false,,2709,0,20,20,null,0,516,0
1764718639590,30001,POST /tickets/reserve (eventId=1),Non HTTP response code: java.net.SocketTimeoutException,Non HTTP response message: Read timed out,Reservation Flow - 20 Users 1-1,text,false,Unexpected HTTP status,2709,0,20,20,http://localhost:8082/tickets/reserve,0,0,0
1764718639271,30003,Complete Reservation Flow,Non HTTP response code: java.net.SocketTimeoutException,"Number of samples in transaction : 1, number of failing samples : 1",Reservation Flow - 20 Users 1-2,,false,,2709,0,20,20,null,0,351,2
1764718639617,30003,POST /tickets/reserve (eventId=4),Non HTTP response code: java.net.SocketTimeoutException,Non HTTP response message: Read timed out,Reservation Flow - 20 Users 1-2,text,false,Unexpected HTTP status,2709,0,20,20,http://localhost:8082/tickets/reserve,0,0,2
1764718638674,30002,Complete Reservation Flow,Non HTTP response code: java.net.SocketTimeoutException,"Number of samples in transaction : 1, number of failing samples : 1",Reservation Flow - 20 Users 1-5,,false,,2709,0,20,20,null,0,1133,1
1764718639802,30002,POST /tickets/reserve (eventId=4),Non HTTP response code: java.net.SocketTimeoutException,Non HTTP response message: Read timed out,Reservation Flow - 20 Users 1-5,text,false,Unexpected HTTP status,2709,0,20,20,http://localhost:8082/tickets/reserve,0,0,1
1764718637806,30035,Complete Reservation Flow,Non HTTP response code: java.net.SocketTimeoutException,"Number of samples in transaction : 2, number of failing samples : 1",Reservation Flow - 20 Users 1-3,,false,,3242,264,20,20,null,0,1984,0
1764718639120,33,POST /tickets/reserve (eventId=3),200,,Reservation Flow - 20 Users 1-3,text,true,,533,264,7,7,http://localhost:8082/tickets/reserve,33,0,0
1764718639820,30002,POST /tickets/confirm,Non HTTP response code: java.net.SocketTimeoutException,Non HTTP response message: Read timed out,Reservation Flow - 20 Users 1-3,text,false,Confirm request failed,2709,0,20,20,http://localhost:8082/tickets/confirm,0,0,0
1764718637444,30033,Complete Reservation Flow,Non HTTP response code: java.net.SocketTimeoutException,"Number of samples in transaction : 2, number of failing samples : 1",Reservation Flow - 20 Users 1-6,,false,,3242,264,20,20,null,0,3616,2
1764718639197,32,POST /tickets/reserve (eventId=1),200,,Reservation Flow - 20 Users 1-6,text,true,,533,264,7,7,http://localhost:8082/tickets/reserve,32,0,2
1764718641089,30001,POST /tickets/confirm,Non HTTP response code: java.net.SocketTimeoutException,Non HTTP response message: Read timed out,Reservation Flow - 20 Users 1-6,text,false,Confirm request failed,2709,0,20,20,http://localhost:8082/tickets/confirm,0,0,0
1764718639446,30004,Complete Reservation Flow,Non HTTP response code: java.net.SocketTimeoutException,"Number of samples in transaction : 1, number of failing samples : 1",Reservation Flow - 20 Users 1-8,,false,,2709,0,20,20,null,0,1722,2
1764718641163,30004,POST /tickets/reserve (eventId=2),Non HTTP response code: java.net.SocketTimeoutException,Non HTTP response message: Read timed out,Reservation Flow - 20 Users 1-8,text,false,Unexpected HTTP status,2709,0,20,20,http://localhost:8082/tickets/reserve,0,0,2
1764718640453,30003,Complete Reservation Flow,Non HTTP response code: java.net.SocketTimeoutException,"Number of samples in transaction : 1, number of failing samples : 1",Reservation Flow - 20 Users 1-9,,false,,2709,0,20,20,null,0,763,1
1764718641210,30003,POST /tickets/reserve (eventId=4),Non HTTP response code: java.net.SocketTimeoutException,Non HTTP response message: Read timed out,Reservation Flow - 20 Users 1-9,text,false,Unexpected HTTP status,2709,0,20,20,http://localhost:8082/tickets/reserve,0,0,1
1764718641439,30003,Complete Reservation Flow,Non HTTP response code: java.net.SocketTimeoutException,"Number of samples in transaction : 1, number of failing samples : 1",Reservation Flow - 20 Users 1-10,,false,,2709,0,20,20,null,0,1572,2
1764718643006,30003,POST /tickets/reserve (eventId=5),Non HTTP response code: java.net.SocketTimeoutException,Non HTTP response message: Read timed out,Reservation Flow - 20 Users 1-10,text,false,Unexpected HTTP status,2709,0,20,20,http://localhost:8082/tickets/reserve,0,0,2
1764718642438,30002,Complete Reservation Flow,Non HTTP response code: java.net.SocketTimeoutException,"Number of samples in transaction : 1, number of failing samples : 1",Reservation Flow - 20 Users 1-11,,false,,2709,0,20,20,null,0,702,1
1764718643134,30002,POST /tickets/reserve (eventId=1),Non HTTP response code: java.net.SocketTimeoutException,Non HTTP response message: Read timed out,Reservation Flow - 20 Users 1-11,text,false,Unexpected HTTP status,2709,0,20,20,http://localhost:8082/tickets/reserve,0,0,1
1764718643450,30010,Complete Reservation Flow,Non HTTP response code: java.net.SocketTimeoutException,"Number of samples in transaction : 1, number of failing samples : 1",Reservation Flow - 20 Users 1-12,,false,,2709,0,20,20,null,0,909,1
1764718644354,30010,POST /tickets/reserve (eventId=1),Non HTTP response code: java.net.SocketTimeoutException,Non HTTP response message: Read timed out,Reservation Flow - 20 Users 1-12,text,false,Unexpected HTTP status,2709,0,20,20,http://localhost:8082/tickets/reserve,0,0,1
1764718644449,30003,Complete Reservation Flow,Non HTTP response code: java.net.SocketTimeoutException,"Number of samples in transaction : 1, number of failing samples : 1",Reservation Flow - 20 Users 1-13,,false,,2709,0,20,20,null,0,1329,2
1764718645774,30003,POST /tickets/reserve (eventId=5),Non HTTP response code: java.net.SocketTimeoutException,Non HTTP response message: Read timed out,Reservation Flow - 20 Users 1-13,text,false,Unexpected HTTP status,2709,0,20,20,http://localhost:8082/tickets/reserve,0,0,2
1764718645444,30002,Complete Reservation Flow,Non HTTP response code: java.net.SocketTimeoutException,"Number of samples in transaction : 1, number of failing samples : 1",Reservation Flow - 20 Users 1-14,,false,,2709,0,20,20,null,0,648,1
1764718646088,30002,POST /tickets/reserve (eventId=2),Non HTTP response code: java.net.SocketTimeoutException,Non HTTP response message: Read timed out,Reservation Flow - 20 Users 1-14,text,false,Unexpected HTTP status,2709,0,20,20,http://localhost:8082/tickets/reserve,0,0,1
1764718647439,30009,Complete Reservation Flow,Non HTTP response code: java.net.SocketTimeoutException,"Number of samples in transaction : 1, number of failing samples : 1",Reservation Flow - 20 Users 1-16,,false,,2709,0,20,20,null,0,1397,1
1764718648832,30009,POST /tickets/reserve (eventId=5),Non HTTP response code: java.net.SocketTimeoutException,Non HTTP response message: Read timed out,Reservation Flow - 20 Users 1-16,text,false,Unexpected HTTP status,2709,0,20,20,http://localhost:8082/tickets/reserve,0,0,1
1764718648438,30003,Complete Reservation Flow,Non HTTP response code: java.net.SocketTimeoutException,"Number of samples in transaction : 1, number of failing samples : 1",Reservation Flow - 20 Users 1-17,,false,,2709,0,20,20,null,0,683,2
1764718649117,30003,POST /tickets/reserve (eventId=1),Non HTTP response code: java.net.SocketTimeoutException,Non HTTP response message: Read timed out,Reservation Flow - 20 Users 1-17,text,false,Unexpected HTTP status,2709,0,20,20,http://localhost:8082/tickets/reserve,0,0,2
1764718646438,30002,Complete Reservation Flow,Non HTTP response code: java.net.SocketTimeoutException,"Number of samples in transaction : 1, number of failing samples : 1",Reservation Flow - 20 Users 1-15,,false,,2709,0,20,20,null,0,2693,1
1764718649127,30002,POST /tickets/reserve (eventId=3),Non HTTP response code: java.net.SocketTimeoutException,Non HTTP response message: Read timed out,Reservation Flow - 20 Users 1-15,text,false,Unexpected HTTP status,2709,0,20,20,http://localhost:8082/tickets/reserve,0,0,1
1764718649436,30004,Complete Reservation Flow,Non HTTP response code: java.net.SocketTimeoutException,"Number of samples in transaction : 1, number of failing samples : 1",Reservation Flow - 20 Users 1-18,,false,,2709,0,20,20,null,0,1704,2
1764718651138,30004,POST /tickets/reserve (eventId=3),Non HTTP response code: java.net.SocketTimeoutException,Non HTTP response message: Read timed out,Reservation Flow - 20 Users 1-18,text,false,Unexpected HTTP status,2709,0,20,20,http://localhost:8082/tickets/reserve,0,0,2
1764718650437,30002,Complete Reservation Flow,Non HTTP response code: java.net.SocketTimeoutException,"Number of samples in transaction : 1, number of failing samples : 1",Reservation Flow - 20 Users 1-19,,false,,2709,0,20,20,null,0,1281,1
1764718651714,30002,POST /tickets/reserve (eventId=4),Non HTTP response code: java.net.SocketTimeoutException,Non HTTP response message: Read timed out,Reservation Flow - 20 Users 1-19,text,false,Unexpected HTTP status,2709,0,20,20,http://localhost:8082/tickets/reserve,0,0,1
1764718651437,30008,Complete Reservation Flow,Non HTTP response code: java.net.SocketTimeoutException,"Number of samples in transaction : 1, number of failing samples : 1",Reservation Flow - 20 Users 1-20,,false,,2709,0,20,20,null,0,2353,1
1764718653787,30008,POST /tickets/reserve (eventId=1),Non HTTP response code: java.net.SocketTimeoutException,Non HTTP response message: Read timed out,Reservation Flow - 20 Users 1-20,text,false,Unexpected HTTP status,2709,0,20,20,http://localhost:8082/tickets/reserve,0,0,1
1764718669396,30006,Complete Reservation Flow,Non HTTP response code: java.net.SocketTimeoutException,"Number of samples in transaction : 1, number of failing samples : 1",Reservation Flow - 20 Users 1-7,,false,,2709,0,20,20,null,0,491,4
1764718669888,30006,POST /tickets/reserve (eventId=1),Non HTTP response code: java.net.SocketTimeoutException,Non HTTP response message: Read timed out,Reservation Flow - 20 Users 1-7,text,false,Unexpected HTTP status,2709,0,20,20,http://localhost:8082/tickets/reserve,0,0,4
1764718669594,30009,Complete Reservation Flow,Non HTTP response code: java.net.SocketTimeoutException,"Number of samples in transaction : 1, number of failing samples : 1",Reservation Flow - 20 Users 1-1,,false,,2709,0,20,20,null,0,417,2
1764718670012,30009,POST /tickets/reserve (eventId=3),Non HTTP response code: java.net.SocketTimeoutException,Non HTTP response message: Read timed out,Reservation Flow - 20 Users 1-1,text,false,Unexpected HTTP status,2709,0,20,20,http://localhost:8082/tickets/reserve,0,0,2
1764718669409,30019,Complete Reservation Flow,Non HTTP response code: java.net.SocketTimeoutException,"Number of samples in transaction : 1, number of failing samples : 1",Reservation Flow - 20 Users 1-4,,false,,2709,0,20,20,null,0,955,12
1764718670365,30019,POST /tickets/reserve (eventId=2),Non HTTP response code: java.net.SocketTimeoutException,Non HTTP response message: Read timed out,Reservation Flow - 20 Users 1-4,text,false,Unexpected HTTP status,2709,0,20,20,http://localhost:8082/tickets/reserve,0,0,12
1764718669624,30025,Complete Reservation Flow,Non HTTP response code: java.net.SocketTimeoutException,"Number of samples in transaction : 1, number of failing samples : 1",Reservation Flow - 20 Users 1-2,,false,,2709,0,20,20,null,0,1408,25
1764718671032,30025,POST /tickets/reserve (eventId=1),Non HTTP response code: java.net.SocketTimeoutException,Non HTTP response message: Read timed out,Reservation Flow - 20 Users 1-2,text,false,Unexpected HTTP status,2709,0,20,20,http://localhost:8082/tickets/reserve,0,0,25
1764718669809,30004,Complete Reservation Flow,Non HTTP response code: java.net.SocketTimeoutException,"Number of samples in transaction : 1, number of failing samples : 1",Reservation Flow - 20 Users 1-5,,false,,2709,0,20,20,null,0,1372,3
1764718671180,30004,POST /tickets/reserve (eventId=4),Non HTTP response code: java.net.SocketTimeoutException,Non HTTP response message: Read timed out,Reservation Flow - 20 Users 1-5,text,false,Unexpected HTTP status,2709,0,20,20,http://localhost:8082/tickets/reserve,0,0,3
1764718669825,30004,Complete Reservation Flow,Non HTTP response code: java.net.SocketTimeoutException,"Number of samples in transaction : 1, number of failing samples : 1",Reservation Flow - 20 Users 1-3,,false,,2709,0,20,20,null,0,1634,3
1764718671457,30004,POST /tickets/reserve (eventId=1),Non HTTP response code: java.net.SocketTimeoutException,Non HTTP response message: Read timed out,Reservation Flow - 20 Users 1-3,text,false,Unexpected HTTP status,2709,0,20,20,http://localhost:8082/tickets/reserve,0,0,3
1764718671219,30003,Complete Reservation Flow,Non HTTP response code: java.net.SocketTimeoutException,"Number of samples in transaction : 1, number of failing samples : 1",Reservation Flow - 20 Users 1-9,,false,,2709,0,20,20,null,0,724,2
1764718671941,30003,POST /tickets/reserve (eventId=1),Non HTTP response code: java.net.SocketTimeoutException,Non HTTP response message: Read timed out,Reservation Flow - 20 Users 1-9,text,false,Unexpected HTTP status,2709,0,20,20,http://localhost:8082/tickets/reserve,0,0,2
1764718671171,30003,Complete Reservation Flow,Non HTTP response code: java.net.SocketTimeoutException,"Number of samples in transaction : 1, number of failing samples : 1",Reservation Flow - 20 Users 1-8,,false,,2709,0,20,20,null,0,950,2
1764718672120,30003,POST /tickets/reserve (eventId=4),Non HTTP response code: java.net.SocketTimeoutException,Non HTTP response message: Read timed out,Reservation Flow - 20 Users 1-8,text,false,Unexpected HTTP status,2709,0,20,20,http://localhost:8082/tickets/reserve,0,0,2
1764718671093,30015,Complete Reservation Flow,Non HTTP response code: java.net.SocketTimeoutException,"Number of samples in transaction : 1, number of failing samples : 1",Reservation Flow - 20 Users 1-6,,false,,2709,0,20,20,null,0,1064,3
1764718672156,30015,POST /tickets/reserve (eventId=3),Non HTTP response code: java.net.SocketTimeoutException,Non HTTP response message: Read timed out,Reservation Flow - 20 Users 1-6,text,false,Unexpected HTTP status,2709,0,20,20,http://localhost:8082/tickets/reserve,0,0,3
1764718673014,30004,Complete Reservation Flow,Non HTTP response code: java.net.SocketTimeoutException,"Number of samples in transaction : 1, number of failing samples : 1",Reservation Flow - 20 Users 1-10,,false,,2709,0,20,20,null,0,392,3
1764718673405,30004,POST /tickets/reserve (eventId=1),Non HTTP response code: java.net.SocketTimeoutException,Non HTTP response message: Read timed out,Reservation Flow - 20 Users 1-10,text,false,Unexpected HTTP status,2709,0,20,20,http://localhost:8082/tickets/reserve,0,0,3
1764718673142,30004,Complete Reservation Flow,Non HTTP response code: java.net.SocketTimeoutException,"Number of samples in transaction : 1, number of failing samples : 1",Reservation Flow - 20 Users 1-11,,false,,2709,0,20,20,null,0,664,3
1764718673805,30004,POST /tickets/reserve (eventId=3),Non HTTP response code: java.net.SocketTimeoutException,Non HTTP response message: Read timed out,Reservation Flow - 20 Users 1-11,text,false,Unexpected HTTP status,2709,0,20,20,http://localhost:8082/tickets/reserve,0,0,3
1764718674370,30009,Complete Reservation Flow,Non HTTP response code: java.net.SocketTimeoutException,"Number of samples in transaction : 1, number of failing samples : 1",Reservation Flow - 20 Users 1-12,,false,,2709,0,20,20,null,0,1048,2
1764718675417,30009,POST /tickets/reserve (eventId=2),Non HTTP response code: java.net.SocketTimeoutException,Non HTTP response message: Read timed out,Reservation Flow - 20 Users 1-12,text,false,Unexpected HTTP status,2709,0,20,20,http://localhost:8082/tickets/reserve,0,0,2
1764718675782,30003,Complete Reservation Flow,Non HTTP response code: java.net.SocketTimeoutException,"Number of samples in transaction : 1, number of failing samples : 1",Reservation Flow - 20 Users 1-13,,false,,2709,0,20,20,null,0,1510,2
1764718677291,30003,POST /tickets/reserve (eventId=3),Non HTTP response code: java.net.SocketTimeoutException,Non HTTP response message: Read timed out,Reservation Flow - 20 Users 1-13,text,false,Unexpected HTTP status,2709,0,20,20,http://localhost:8082/tickets/reserve,0,0,2
1764718676095,30015,Complete Reservation Flow,Non HTTP response code: java.net.SocketTimeoutException,"Number of samples in transaction : 1, number of failing samples : 1",Reservation Flow - 20 Users 1-14,,false,,2709,0,20,20,null,0,1783,2
1764718677876,30015,POST /tickets/reserve (eventId=4),Non HTTP response code: java.net.SocketTimeoutException,Non HTTP response message: Read timed out,Reservation Flow - 20 Users 1-14,text,false,Unexpected HTTP status,2709,0,20,20,http://localhost:8082/tickets/reserve,0,0,2
1764718679134,30003,Complete Reservation Flow,Non HTTP response code: java.net.SocketTimeoutException,"Number of samples in transaction : 1, number of failing samples : 1",Reservation Flow - 20 Users 1-15,,false,,2709,0,20,20,null,0,343,1
1764718679476,30003,POST /tickets/reserve (eventId=4),Non HTTP response code: java.net.SocketTimeoutException,Non HTTP response message: Read timed out,Reservation Flow - 20 Users 1-15,text,false,Unexpected HTTP status,2709,0,20,20,http://localhost:8082/tickets/reserve,0,0,1
1764718679124,30003,Complete Reservation Flow,Non HTTP response code: java.net.SocketTimeoutException,"Number of samples in transaction : 1, number of failing samples : 1",Reservation Flow - 20 Users 1-17,,false,,2709,0,20,20,null,0,843,2
1764718679966,30003,POST /tickets/reserve (eventId=3),Non HTTP response code: java.net.SocketTimeoutException,Non HTTP response message: Read timed out,Reservation Flow - 20 Users 1-17,text,false,Unexpected HTTP status,2709,0,20,20,http://localhost:8082/tickets/reserve,0,0,2
1764718678846,30008,Complete Reservation Flow,Non HTTP response code: java.net.SocketTimeoutException,"Number of samples in transaction : 1, number of failing samples : 1",Reservation Flow - 20 Users 1-16,,false,,2709,0,20,20,null,0,1534,2
1764718680379,30008,POST /tickets/reserve (eventId=3),Non HTTP response code: java.net.SocketTimeoutException,Non HTTP response message: Read timed out,Reservation Flow - 20 Users 1-16,text,false,Unexpected HTTP status,2709,0,20,20,http://localhost:8082/tickets/reserve,0,0,2
1764718681145,30002,Complete Reservation Flow,Non HTTP response code: java.net.SocketTimeoutException,"Number of samples in transaction : 1, number of failing samples : 1",Reservation Flow - 20 Users 1-18,,false,,2709,0,20,20,null,0,1389,1
1764718682533,30002,POST /tickets/reserve (eventId=4),Non HTTP response code: java.net.SocketTimeoutException,Non HTTP response message: Read timed out,Reservation Flow - 20 Users 1-18,text,false,Unexpected HTTP status,2709,0,20,20,http://localhost:8082/tickets/reserve,0,0,1
1764718681720,30014,Complete Reservation Flow,Non HTTP response code: java.net.SocketTimeoutException,"Number of samples in transaction : 1, number of failing samples : 1",Reservation Flow - 20 Users 1-19,,false,,2709,0,20,20,null,0,1259,1
1764718682978,30014,POST /tickets/reserve (eventId=5),Non HTTP response code: java.net.SocketTimeoutException,Non HTTP response message: Read timed out,Reservation Flow - 20 Users 1-19,text,false,Unexpected HTTP status,2709,0,20,20,http://localhost:8082/tickets/reserve,0,0,1
1764718683799,30006,Complete Reservation Flow,Non HTTP response code: java.net.SocketTimeoutException,"Number of samples in transaction : 1, number of failing samples : 1",Reservation Flow - 20 Users 1-20,,false,,2709,0,20,20,null,0,2036,2
1764718685834,30006,POST /tickets/reserve (eventId=2),Non HTTP response code: java.net.SocketTimeoutException,Non HTTP response message: Read timed out,Reservation Flow - 20 Users 1-20,text,false,Unexpected HTTP status,2709,0,20,20,http://localhost:8082/tickets/reserve,0,0,2
1764718699896,30003,Complete Reservation Flow,Non HTTP response code: java.net.SocketTimeoutException,"Number of samples in transaction : 1, number of failing samples : 1",Reservation Flow - 20 Users 1-7,,false,,2709,0,20,20,null,0,561,2
1764718700455,30003,POST /tickets/reserve (eventId=2),Non HTTP response code: java.net.SocketTimeoutException,Non HTTP response message: Read timed out,Reservation Flow - 20 Users 1-7,text,false,Unexpected HTTP status,2709,0,20,20,http://localhost:8082/tickets/reserve,0,0,2
1764718700024,30002,Complete Reservation Flow,Non HTTP response code: java.net.SocketTimeoutException,"Number of samples in transaction : 1, number of failing samples : 1",Reservation Flow - 20 Users 1-1,,false,,2709,0,20,20,null,0,1045,2
1764718701067,30002,POST /tickets/reserve (eventId=4),Non HTTP response code: java.net.SocketTimeoutException,Non HTTP response message: Read timed out,Reservation Flow - 20 Users 1-1,text,false,Unexpected HTTP status,2709,0,20,20,http://localhost:8082/tickets/reserve,0,0,2
1764718700387,30002,Complete Reservation Flow,Non HTTP response code: java.net.SocketTimeoutException,"Number of samples in transaction : 1, number of failing samples : 1",Reservation Flow - 20 Users 1-4,,false,,2709,0,20,20,null,0,817,1
1764718701203,30002,POST /tickets/reserve (eventId=3),Non HTTP response code: java.net.SocketTimeoutException,Non HTTP response message: Read timed out,Reservation Flow - 20 Users 1-4,text,false,Unexpected HTTP status,2709,0,20,20,http://localhost:8082/tickets/reserve,0,0,1
1764718702174,30003,Complete Reservation Flow,Non HTTP response code: java.net.SocketTimeoutException,"Number of samples in transaction : 1, number of failing samples : 1",Reservation Flow - 20 Users 1-6,,false,,2709,0,20,20,null,0,625,2
1764718702797,30003,POST /tickets/reserve (eventId=5),Non HTTP response code: java.net.SocketTimeoutException,Non HTTP response message: Read timed out,Reservation Flow - 20 Users 1-6,text,false,Unexpected HTTP status,2709,0,20,20,http://localhost:8082/tickets/reserve,0,0,2
1764718702126,30003,Complete Reservation Flow,Non HTTP response code: java.net.SocketTimeoutException,"Number of samples in transaction : 1, number of failing samples : 1",Reservation Flow - 20 Users 1-8,,false,,2709,0,20,20,null,0,704,2
1764718702828,30003,POST /tickets/reserve (eventId=4),Non HTTP response code: java.net.SocketTimeoutException,Non HTTP response message: Read timed out,Reservation Flow - 20 Users 1-8,text,false,Unexpected HTTP status,2709,0,20,20,http://localhost:8082/tickets/reserve,0,0,2
1764718701187,30002,Complete Reservation Flow,Non HTTP response code: java.net.SocketTimeoutException,"Number of samples in transaction : 1, number of failing samples : 1",Reservation Flow - 20 Users 1-5,,false,,2709,0,20,20,null,0,1766,2
1764718702951,30002,POST /tickets/reserve (eventId=1),Non HTTP response code: java.net.SocketTimeoutException,Non HTTP response message: Read timed out,Reservation Flow - 20 Users 1-5,text,false,Unexpected HTTP status,2709,0,20,20,http://localhost:8082/tickets/reserve,0,0,2
1764718701060,30003,Complete Reservation Flow,Non HTTP response code: java.net.SocketTimeoutException,"Number of samples in transaction : 1, number of failing samples : 1",Reservation Flow - 20 Users 1-2,,false,,2709,0,20,20,null,0,2256,2
1764718703315,30003,POST /tickets/reserve (eventId=2),Non HTTP response code: java.net.SocketTimeoutException,Non HTTP response message: Read timed out,Reservation Flow - 20 Users 1-2,text,false,Unexpected HTTP status,2709,0,20,20,http://localhost:8082/tickets/reserve,0,0,2
1764718701947,30003,Complete Reservation Flow,Non HTTP response code: java.net.SocketTimeoutException,"Number of samples in transaction : 1, number of failing samples : 1",Reservation Flow - 20 Users 1-9,,false,,2709,0,20,20,null,0,1438,2
1764718703384,30003,POST /tickets/reserve (eventId=1),Non HTTP response code: java.net.SocketTimeoutException,Non HTTP response message: Read timed out,Reservation Flow - 20 Users 1-9,text,false,Unexpected HTTP status,2709,0,20,20,http://localhost:8082/tickets/reserve,0,0,2
1764718701464,30003,Complete Reservation Flow,Non HTTP response code: java.net.SocketTimeoutException,"Number of samples in transaction : 1, number of failing samples : 1",Reservation Flow - 20 Users 1-3,,false,,2709,0,20,20,null,0,2136,2
1764718703599,30003,POST /tickets/reserve (eventId=5),Non HTTP response code: java.net.SocketTimeoutException,Non HTTP response message: Read timed out,Reservation Flow - 20 Users 1-3,text,false,Unexpected HTTP status,2709,0,20,20,http://localhost:8082/tickets/reserve,0,0,2
1764718703412,30013,Complete Reservation Flow,Non HTTP response code: java.net.SocketTimeoutException,"Number of samples in transaction : 1, number of failing samples : 1",Reservation Flow - 20 Users 1-10,,false,,2709,0,20,20,null,0,324,1
1764718703734,30013,POST /tickets/reserve (eventId=5),Non HTTP response code: java.net.SocketTimeoutException,Non HTTP response message: Read timed out,Reservation Flow - 20 Users 1-10,text,false,Unexpected HTTP status,2709,0,20,20,http://localhost:8082/tickets/reserve,0,0,1
1764718703811,30002,Complete Reservation Flow,Non HTTP response code: java.net.SocketTimeoutException,"Number of samples in transaction : 1, number of failing samples : 1",Reservation Flow - 20 Users 1-11,,false,,2709,0,20,20,null,0,2067,2
1764718705876,30002,POST /tickets/reserve (eventId=3),Non HTTP response code: java.net.SocketTimeoutException,Non HTTP response message: Read timed out,Reservation Flow - 20 Users 1-11,text,false,Unexpected HTTP status,2709,0,20,20,http://localhost:8082/tickets/reserve,0,0,2
1764718705428,30004,Complete Reservation Flow,Non HTTP response code: java.net.SocketTimeoutException,"Number of samples in transaction : 1, number of failing samples : 1",Reservation Flow - 20 Users 1-12,,false,,2709,0,20,20,null,0,1166,2
1764718706592,30004,POST /tickets/reserve (eventId=1),Non HTTP response code: java.net.SocketTimeoutException,Non HTTP response message: Read timed out,Reservation Flow - 20 Users 1-12,text,false,Unexpected HTTP status,2709,0,20,20,http://localhost:8082/tickets/reserve,0,0,2
1764718707893,30002,Complete Reservation Flow,Non HTTP response code: java.net.SocketTimeoutException,"Number of samples in transaction : 1, number of failing samples : 1",Reservation Flow - 20 Users 1-14,,false,,2709,0,20,20,null,0,1010,1
1764718708902,30002,POST /tickets/reserve (eventId=1),Non HTTP response code: java.net.SocketTimeoutException,Non HTTP response message: Read timed out,Reservation Flow - 20 Users 1-14,text,false,Unexpected HTTP status,2709,0,20,20,http://localhost:8082/tickets/reserve,0,0,1
1764718707296,30003,Complete Reservation Flow,Non HTTP response code: java.net.SocketTimeoutException,"Number of samples in transaction : 1, number of failing samples : 1",Reservation Flow - 20 Users 1-13,,false,,2709,0,20,20,null,0,2422,2
1764718709717,30003,POST /tickets/reserve (eventId=4),Non HTTP response code: java.net.SocketTimeoutException,Non HTTP response message: Read timed out,Reservation Flow - 20 Users 1-13,text,false,Unexpected HTTP status,2709,0,20,20,http://localhost:8082/tickets/reserve,0,0,2
1764718709481,30004,Complete Reservation Flow,Non HTTP response code: java.net.SocketTimeoutException,"Number of samples in transaction : 1, number of failing samples : 1",Reservation Flow - 20 Users 1-15,,false,,2709,0,20,20,null,0,827,3
1764718710307,30004,POST /tickets/reserve (eventId=3),Non HTTP response code: java.net.SocketTimeoutException,Non HTTP response message: Read timed out,Reservation Flow - 20 Users 1-15,text,false,Unexpected HTTP status,2709,0,20,20,http://localhost:8082/tickets/reserve,0,0,3
1764718709970,30015,Complete Reservation Flow,Non HTTP response code: java.net.SocketTimeoutException,"Number of samples in transaction : 1, number of failing samples : 1",Reservation Flow - 20 Users 1-17,,false,,2709,0,20,20,null,0,722,1
1764718710690,30015,POST /tickets/reserve (eventId=5),Non HTTP response code: java.net.SocketTimeoutException,Non HTTP response message: Read timed out,Reservation Flow - 20 Users 1-17,text,false,Unexpected HTTP status,2709,0,20,20,http://localhost:8082/tickets/reserve,0,0,1
1764718710389,30003,Complete Reservation Flow,Non HTTP response code: java.net.SocketTimeoutException,"Number of samples in transaction : 1, number of failing samples : 1",Reservation Flow - 20 Users 1-16,,false,,2709,0,20,20,null,0,2182,2
1764718712570,30003,POST /tickets/reserve (eventId=1),Non HTTP response code: java.net.SocketTimeoutException,Non HTTP response message: Read timed out,Reservation Flow - 20 Users 1-16,text,false,Unexpected HTTP status,2709,0,20,20,http://localhost:8082/tickets/reserve,0,0,2
1764718712994,30002,Complete Reservation Flow,Non HTTP response code: java.net.SocketTimeoutException,"Number of samples in transaction : 1, number of failing samples : 1",Reservation Flow - 20 Users 1-19,,false,,2709,0,20,20,null,0,546,1
1764718713538,30002,POST /tickets/reserve (eventId=1),Non HTTP response code: java.net.SocketTimeoutException,Non HTTP response message: Read timed out,Reservation Flow - 20 Users 1-19,text,false,Unexpected HTTP status,2709,0,20,20,http://localhost:8082/tickets/reserve,0,0,1
1764718712536,30013,Complete Reservation Flow,Non HTTP response code: java.net.SocketTimeoutException,"Number of samples in transaction : 1, number of failing samples : 1",Reservation Flow - 20 Users 1-18,,false,,2709,0,20,20,null,0,1160,2
1764718713694,30013,POST /tickets/reserve (eventId=3),Non HTTP response code: java.net.SocketTimeoutException,Non HTTP response message: Read timed out,Reservation Flow - 20 Users 1-18,text,false,Unexpected HTTP status,2709,0,20,20,http://localhost:8082/tickets/reserve,0,0,2
1764718715841,30014,Complete Reservation Flow,Non HTTP response code: java.net.SocketTimeoutException,"Number of samples in transaction : 1, number of failing samples : 1",Reservation Flow - 20 Users 1-20,,false,,2709,0,20,20,null,0,576,1
1764718716415,30014,POST /tickets/reserve (eventId=3),Non HTTP response code: java.net.SocketTimeoutException,Non HTTP response message: Read timed out,Reservation Flow - 20 Users 1-20,text,false,Unexpected HTTP status,2709,0,20,20,http://localhost:8082/tickets/reserve,0,0,1
1764718730460,30004,Complete Reservation Flow,Non HTTP response code: java.net.SocketTimeoutException,"Number of samples in transaction : 1, number of failing samples : 1",Reservation Flow - 20 Users 1-7,,false,,2709,0,20,20,null,0,1242,3
1764718731700,30004,POST /tickets/reserve (eventId=2),Non HTTP response code: java.net.SocketTimeoutException,Non HTTP response message: Read timed out,Reservation Flow - 20 Users 1-7,text,false,Unexpected HTTP status,2709,0,20,20,http://localhost:8082/tickets/reserve,0,0,3
1764718731206,30003,Complete Reservation Flow,Non HTTP response code: java.net.SocketTimeoutException,"Number of samples in transaction : 1, number of failing samples : 1",Reservation Flow - 20 Users 1-4,,false,,2709,0,20,20,null,0,929,2
1764718732133,30003,POST /tickets/reserve (eventId=2),Non HTTP response code: java.net.SocketTimeoutException,Non HTTP response message: Read timed out,Reservation Flow - 20 Users 1-4,text,false,Unexpected HTTP status,2709,0,20,20,http://localhost:8082/tickets/reserve,0,0,2
1764718731071,30017,Complete Reservation Flow,Non HTTP response code: java.net.SocketTimeoutException,"Number of samples in transaction : 1, number of failing samples : 1",Reservation Flow - 20 Users 1-1,,false,,2709,0,20,20,null,0,1379,3
1764718732448,30017,POST /tickets/reserve (eventId=1),Non HTTP response code: java.net.SocketTimeoutException,Non HTTP response message: Read timed out,Reservation Flow - 20 Users 1-1,text,false,Unexpected HTTP status,2709,0,20,20,http://localhost:8082/tickets/reserve,0,0,3
1764718732802,30003,Complete Reservation Flow,Non HTTP response code: java.net.SocketTimeoutException,"Number of samples in transaction : 1, number of failing samples : 1",Reservation Flow - 20 Users 1-6,,false,,2709,0,20,20,null,0,646,2
1764718733446,30003,POST /tickets/reserve (eventId=3),Non HTTP response code: java.net.SocketTimeoutException,Non HTTP response message: Read timed out,Reservation Flow - 20 Users 1-6,text,false,Unexpected HTTP status,2709,0,20,20,http://localhost:8082/tickets/reserve,0,0,2
1764718732834,30003,Complete Reservation Flow,Non HTTP response code: java.net.SocketTimeoutException,"Number of samples in transaction : 1, number of failing samples : 1",Reservation Flow - 20 Users 1-8,,false,,2709,0,20,20,null,0,697,2
1764718733530,30003,POST /tickets/reserve (eventId=2),Non HTTP response code: java.net.SocketTimeoutException,Non HTTP response message: Read timed out,Reservation Flow - 20 Users 1-8,text,false,Unexpected HTTP status,2709,0,20,20,http://localhost:8082/tickets/reserve,0,0,2
1764718732956,30004,Complete Reservation Flow,Non HTTP response code: java.net.SocketTimeoutException,"Number of samples in transaction : 1, number of failing samples : 1",Reservation Flow - 20 Users 1-5,,false,,2709,0,20,20,null,0,677,3
1764718733631,30004,POST /tickets/reserve (eventId=5),Non HTTP response code: java.net.SocketTimeoutException,Non HTTP response message: Read timed out,Reservation Flow - 20 Users 1-5,text,false,Unexpected HTTP status,2709,0,20,20,http://localhost:8082/tickets/reserve,0,0,3
1764718733604,30006,Complete Reservation Flow,Non HTTP response code: java.net.SocketTimeoutException,"Number of samples in transaction : 1, number of failing samples : 1",Reservation Flow - 20 Users 1-3,,false,,2709,0,20,20,null,0,732,4
1764718734335,30006,POST /tickets/reserve (eventId=1),Non HTTP response code: java.net.SocketTimeout